symbol,name
AALI.JK,Astra Agro Lestari Tbk.
ABBA.JK,Mahaka Media Tbk.
ABDA.JK,Asuransi Bina Dana Arta Tbk.
ABMM.JK,ABM Investama Tbk.
ACES.JK,Aspirasi Hidup Indonesia Tbk.
ACST.JK,Acset Indonusa Tbk.
ADES.JK,Akasha Wira International Tbk.
ADHI.JK,Adhi Karya (Persero) Tbk.
AISA.JK,FKS Food Sejahtera Tbk.
AKKU.JK,Anugerah Kagum Karya Utama Tbk
AKPI.JK,Argha Karya Prima Industry Tbk
AKRA.JK,AKR Corporindo Tbk.
AKSI.JK,Mineral Sumberdaya Mandiri Tbk
ALDO.JK,Alkindo Naratama Tbk.
ALKA.JK,Alakasa Industrindo Tbk
ALMI.JK,Alumindo Light Metal Industry 
ALTO.JK,Tri Banyan Tirta Tbk.
AMAG.JK,Asuransi Multi Artha Guna Tbk.
AMFG.JK,Asahimas Flat Glass Tbk.
AMIN.JK,Ateliers Mecaniques D Indonesi
AMRT.JK,Sumber Alfaria Trijaya Tbk.
ANJT.JK,Austindo Nusantara Jaya Tbk.
ANTM.JK,Aneka Tambang Tbk.
APEX.JK,Apexindo Pratama Duta Tbk.
APIC.JK,Pacific Strategic Financial Tb
APII.JK,Arita Prima Indonesia Tbk.
APLI.JK,Asiaplast Industries Tbk.
APLN.JK,Agung Podomoro Land Tbk.
ARGO.JK,Argo Pantes Tbk
ARII.JK,Atlas Resources Tbk.
ARNA.JK,Arwana Citramulia Tbk.
ARTA.JK,Arthavest Tbk
ARTI.JK,Ratu Prabu Energi Tbk
ARTO.JK,Bank Jago Tbk.
ASBI.JK,Asuransi Bintang Tbk.
ASDM.JK,Asuransi Dayin Mitra Tbk.
ASGR.JK,Astra Graphia Tbk.
ASII.JK,Astra International Tbk.
ASJT.JK,Asuransi Jasa Tania Tbk.
ASMI.JK,Asuransi Maximus Graha Persada
ASRI.JK,Alam Sutera Realty Tbk.
ASRM.JK,Asuransi Ramayana Tbk.
ASSA.JK,Adi Sarana Armada Tbk.
ATIC.JK,Anabatic Technologies Tbk.
AUTO.JK,Astra Otoparts Tbk.
BABP.JK,Bank MNC Internasional Tbk.
BACA.JK,Bank Capital Indonesia Tbk.
BAJA.JK,Saranacentral Bajatama Tbk.
BALI.JK,Bali Towerindo Sentra Tbk.
BAPA.JK,Bekasi Asri Pemula Tbk.
BATA.JK,Sepatu Bata Tbk.
BAYU.JK,Bayu Buana Tbk
BBCA.JK,Bank Central Asia Tbk.
BBHI.JK,Allo Bank Indonesia Tbk.
BBKP.JK,Bank KB Indonesia Tbk.
BBLD.JK,Buana Finance Tbk.
BBMD.JK,Bank Mestika Dharma Tbk.
BBNI.JK,Bank Negara Indonesia (Persero
BBRI.JK,Bank Rakyat Indonesia (Persero
BBRM.JK,Pelayaran Nasional Bina Buana 
BBTN.JK,Bank Tabungan Negara (Persero)
BBYB.JK,Bank Neo Commerce Tbk.
BCAP.JK,MNC Kapital Indonesia Tbk.
BCIC.JK,Bank JTrust Indonesia Tbk.
BCIP.JK,Bumi Citra Permai Tbk.
BDMN.JK,Bank Danamon Indonesia Tbk.
BEKS.JK,Bank Pembangunan Daerah Banten
BEST.JK,Bekasi Fajar Industrial Estate
BFIN.JK,BFI Finance  Indonesia Tbk.
BGTG.JK,Bank Ganesha Tbk.
BHIT.JK,MNC Asia Holding Tbk.
BIKA.JK,Binakarya Jaya Abadi Tbk.
BIMA.JK,Primarindo Asia Infrastructure
BINA.JK,Bank Ina Perdana Tbk.
BIPI.JK,Astrindo Nusantara Infrastrukt
BIPP.JK,Bhuwanatala Indah Permai Tbk.
BIRD.JK,Blue Bird Tbk.
BISI.JK,BISI International Tbk.
BJBR.JK,Bank Pembangunan Daerah Jawa B
BJTM.JK,Bank Pembangunan Daerah Jawa T
BKDP.JK,Bukit Darmo Property Tbk
BKSL.JK,Sentul City Tbk.
BKSW.JK,Bank QNB Indonesia Tbk.
BLTA.JK,Berlian Laju Tanker Tbk
BLTZ.JK,Graha Layar Prima Tbk.
BMAS.JK,Bank Maspion Indonesia Tbk.
BMRI.JK,Bank Mandiri (Persero) Tbk.
BMSR.JK,Bintang Mitra Semestaraya Tbk
BMTR.JK,Global Mediacom Tbk.
BNBA.JK,Bank Bumi Arta Tbk.
BNBR.JK,Bakrie & Brothers Tbk
BNGA.JK,Bank CIMB Niaga Tbk.
BNII.JK,Bank Maybank Indonesia Tbk.
BNLI.JK,Bank Permata Tbk.
BOLT.JK,Garuda Metalindo Tbk.
BPFI.JK,Woori Finance Indonesia Tbk.
BPII.JK,Batavia Prosperindo Internasio
BRAM.JK,Indo Kordsa Tbk.
BRMS.JK,Bumi Resources Minerals Tbk.
BRNA.JK,Berlina Tbk.
BRPT.JK,Barito Pacific Tbk.
BSDE.JK,Bumi Serpong Damai Tbk.
BSIM.JK,Bank Sinarmas Tbk.
BSSR.JK,Baramulti Suksessarana Tbk.
BSWD.JK,Bank Of India Indonesia Tbk.
BTEK.JK,Bumi Teknokultura Unggul Tbk
BTEL.JK,Bakrie Telecom Tbk.
BTON.JK,Betonjaya Manunggal Tbk.
BTPN.JK,Bank SMBC Indonesia Tbk.
BUDI.JK,Budi Starch & Sweetener Tbk.
BUKK.JK,Bukaka Teknik Utama Tbk.
BULL.JK,Buana Lintas Lautan Tbk.
BUMI.JK,Bumi Resources Tbk.
BUVA.JK,Bukit Uluwatu Villa Tbk.
BVIC.JK,Bank Victoria International Tb
BWPT.JK,Eagle High Plantations Tbk.
BYAN.JK,Bayan Resources Tbk.
CANI.JK,Capitol Nusantara Indonesia Tb
CASS.JK,Cahaya Aero Services Tbk.
CEKA.JK,Wilmar Cahaya Indonesia Tbk.
CENT.JK,Centratama Telekomunikasi Indo
CFIN.JK,Clipan Finance Indonesia Tbk.
CINT.JK,Chitose Internasional Tbk.
CITA.JK,Cita Mineral Investindo Tbk.
CLPI.JK,Colorpak Indonesia Tbk.
CMNP.JK,Citra Marga Nusaphala Persada 
CMPP.JK,AirAsia Indonesia Tbk.
CNKO.JK,Exploitasi Energi Indonesia Tb
CNTX.JK,Century Textile Industry Tbk.
COWL.JK,Cowell Development Tbk.
CPIN.JK,Charoen Pokphand Indonesia Tbk
CPRO.JK,Central Proteina Prima Tbk.
CSAP.JK,Catur Sentosa Adiprana Tbk.
CTBN.JK,Citra Tubindo Tbk.
CTRA.JK,Ciputra Development Tbk.
CTTH.JK,Citatah Tbk.
DART.JK,Duta Anggada Realty Tbk.
DEFI.JK,Danasupra Erapacific Tbk.
DEWA.JK,Darma Henwa Tbk
DGIK.JK,Nusa Konstruksi Enjiniring Tbk
DILD.JK,Intiland Development Tbk.
DKFT.JK,Central Omega Resources Tbk.
DLTA.JK,Delta Djakarta Tbk.
DMAS.JK,Puradelta Lestari Tbk.
DNAR.JK,Bank Oke Indonesia Tbk.
DNET.JK,Indoritel Makmur Internasional
DOID.JK,BUMA Internasional Grup Tbk.
DPNS.JK,Duta Pertiwi Nusantara Tbk.
DSFI.JK,Dharma Samudera Fishing Indust
DSNG.JK,Dharma Satya Nusantara Tbk.
DSSA.JK,Dian Swastatika Sentosa Tbk
DUTI.JK,Duta Pertiwi Tbk
DVLA.JK,Darya-Varia Laboratoria Tbk.
DYAN.JK,Dyandra Media International Tb
ECII.JK,Electronic City Indonesia Tbk.
EKAD.JK,Ekadharma International Tbk.
ELSA.JK,Elnusa Tbk.
ELTY.JK,Bakrieland Development Tbk.
EMDE.JK,Megapolitan Developments Tbk.
EMTK.JK,Elang Mahkota Teknologi Tbk.
ENRG.JK,Energi Mega Persada Tbk.
EPMT.JK,Enseval Putera Megatrading Tbk
ERAA.JK,Erajaya Swasembada Tbk.
ERTX.JK,Eratex Djaja Tbk.
ESSA.JK,ESSA Industries Indonesia Tbk.
ESTI.JK,Ever Shine Tex Tbk.
ETWA.JK,Eterindo Wahanatama Tbk
EXCL.JK,XLSMART Telecom Sejahtera Tbk.
FAST.JK,Fast Food Indonesia Tbk.
FASW.JK,Fajar Surya Wisesa Tbk.
FISH.JK,FKS Multi Agro Tbk.
FMII.JK,Fortune Mate Indonesia Tbk
FORU.JK,Fortune Indonesia Tbk
FPNI.JK,Lotte Chemical Titan Tbk.
GAMA.JK,Aksara Global Development Tbk.
GDST.JK,Gunawan Dianjaya Steel Tbk.
GDYR.JK,Goodyear Indonesia Tbk.
GEMA.JK,Gema Grahasarana Tbk.
GEMS.JK,Golden Energy Mines Tbk.
GGRM.JK,Gudang Garam Tbk.
GIAA.JK,Garuda Indonesia (Persero) Tbk
GJTL.JK,Gajah Tunggal Tbk.
GLOB.JK,Globe Kita Terang Tbk.
GMTD.JK,Gowa Makassar Tourism Developm
GOLD.JK,Visi Telekomunikasi Infrastruk
GOLL.JK,Golden Plantation Tbk.
GPRA.JK,Perdana Gapuraprima Tbk.
GSMF.JK,Equity Development Investment 
GTBO.JK,Garda Tujuh Buana Tbk
GWSA.JK,Greenwood Sejahtera Tbk.
GZCO.JK,Gozco Plantations Tbk.
HADE.JK,Himalaya Energi Perkasa Tbk.
HDFA.JK,Radana Bhaskara Finance Tbk.
HERO.JK,DFI Retail Nusantara Tbk.
HEXA.JK,Hexindo Adiperkasa Tbk.
HITS.JK,Humpuss Intermoda Transportasi
HMSP.JK,H.M. Sampoerna Tbk.
HOME.JK,Hotel Mandarine Regency Tbk.
HOTL.JK,Saraswati Griya Lestari Tbk.
HRUM.JK,Harum Energy Tbk.
IATA.JK,MNC Energy Investments Tbk.
IBFN.JK,Intan Baru Prana Tbk.
IBST.JK,Inti Bangun Sejahtera Tbk.
ICBP.JK,Indofood CBP Sukses Makmur Tbk
ICON.JK,Island Concepts Indonesia Tbk.
IGAR.JK,Champion Pacific Indonesia Tbk
IIKP.JK,Inti Agri Resources Tbk
IKAI.JK,Intikeramik Alamasri Industri 
IKBI.JK,Sumi Indo Kabel Tbk.
IMAS.JK,Indomobil Sukses Internasional
IMJS.JK,Indomobil Multi Jasa Tbk.
IMPC.JK,Impack Pratama Industri Tbk.
INAF.JK,Indofarma Tbk.
INAI.JK,Indal Aluminium Industry Tbk.
INCI.JK,Intanwijaya Internasional Tbk
INCO.JK,Vale Indonesia Tbk.
INDF.JK,Indofood Sukses Makmur Tbk.
INDR.JK,Indo-Rama Synthetics Tbk.
INDS.JK,Indospring Tbk.
INDX.JK,Tanah Laut Tbk
INDY.JK,Indika Energy Tbk.
INKP.JK,Indah Kiat Pulp & Paper Tbk.
INPC.JK,Bank Artha Graha Internasional
INPP.JK,Indonesian Paradise Property T
INRU.JK,Toba Pulp Lestari Tbk.
INTA.JK,Intraco Penta Tbk.
INTD.JK,Inter Delta Tbk
INTP.JK,Indocement Tunggal Prakarsa Tb
IPOL.JK,Indopoly Swakarsa Industry Tbk
ISAT.JK,Indosat Tbk.
ISSP.JK,Steel Pipe Industry of Indones
ITMA.JK,Sumber Energi Andalan Tbk.
ITMG.JK,Indo Tambangraya Megah Tbk.
JAWA.JK,Jaya Agra Wattie Tbk.
JECC.JK,Jembo Cable Company Tbk.
JIHD.JK,Jakarta International Hotels &
JKON.JK,Jaya Konstruksi Manggala Prata
JPFA.JK,Japfa Comfeed Indonesia Tbk.
JRPT.JK,Jaya Real Property Tbk.
JSMR.JK,Jasa Marga (Persero) Tbk.
JSPT.JK,Jakarta Setiabudi Internasiona
JTPE.JK,Jasuindo Tiga Perkasa Tbk.
KAEF.JK,Kimia Farma Tbk.
KARW.JK,Meratus Jasa Prima Tbk.
KBLI.JK,KMI Wire & Cable Tbk.
KBLM.JK,Kabelindo Murni Tbk.
KBLV.JK,First Media Tbk.
KBRI.JK,Kertas Basuki Rachmat Indonesi
KDSI.JK,Kedawung Setia Industrial Tbk.
KIAS.JK,Keramika Indonesia Assosiasi T
KICI.JK,Kedaung Indah Can Tbk
KIJA.JK,Kawasan Industri Jababeka Tbk.
KKGI.JK,Resource Alam Indonesia Tbk.
KLBF.JK,Kalbe Farma Tbk.
KOBX.JK,Kobexindo Tractors Tbk.
KOIN.JK,Kokoh Inti Arebama Tbk
KONI.JK,Perdana Bangun Pusaka Tbk
KOPI.JK,Mitra Energi Persada Tbk.
KPIG.JK,MNC Tourism Indonesia Tbk.
KRAS.JK,Krakatau Steel (Persero) Tbk.
KREN.JK,Quantum Clovera Investama Tbk.
LAPD.JK,Leyand International Tbk.
LCGP.JK,Eureka Prima Jakarta Tbk.
LEAD.JK,Logindo Samudramakmur Tbk.
LINK.JK,Link Net Tbk.
LION.JK,Lion Metal Works Tbk.
LMAS.JK,Limas Indonesia Makmur Tbk
LMPI.JK,Langgeng Makmur Industri Tbk.
LMSH.JK,Lionmesh Prima Tbk.
LPCK.JK,Lippo Cikarang Tbk
LPGI.JK,Lippo General Insurance Tbk.
LPIN.JK,Multi Prima Sejahtera Tbk
LPKR.JK,Lippo Karawaci Tbk.
LPLI.JK,Star Pacific Tbk
LPPF.JK,Matahari Department Store Tbk.
LPPS.JK,Lenox Pasifik Investama Tbk.
LRNA.JK,Eka Sari Lorena Transport Tbk.
LSIP.JK,PP London Sumatra Indonesia Tb
LTLS.JK,Lautan Luas Tbk.
MAGP.JK,Multi Agro Gemilang Plantation
MAIN.JK,Malindo Feedmill Tbk.
MAPI.JK,Mitra Adiperkasa Tbk.
MAYA.JK,Bank Mayapada Internasional Tb
MBAP.JK,Mitrabara Adiperdana Tbk.
MBSS.JK,Mitrabahtera Segara Sejati Tbk
MBTO.JK,Martina Berto Tbk.
MCOR.JK,Bank China Construction Bank I
MDIA.JK,Intermedia Capital Tbk.
MDKA.JK,Merdeka Copper Gold Tbk.
MDLN.JK,Modernland Realty Tbk.
MDRN.JK,Modern Internasional Tbk.
MEDC.JK,Medco Energi Internasional Tbk
MEGA.JK,Bank Mega Tbk.
MERK.JK,Merck Tbk.
META.JK,Nusantara Infrastructure Tbk.
MFMI.JK,Multifiling Mitra Indonesia Tb
MGNA.JK,Magna Investama Mandiri Tbk.
MICE.JK,Multi Indocitra Tbk.
MIDI.JK,Midi Utama Indonesia Tbk.
MIKA.JK,Mitra Keluarga Karyasehat Tbk.
MIRA.JK,Mitra International Resources 
MITI.JK,Mitra Investindo Tbk.
MKPI.JK,Metropolitan Kentjana Tbk.
MLBI.JK,Multi Bintang Indonesia Tbk.
MLIA.JK,Mulia Industrindo Tbk
MLPL.JK,Multipolar Tbk.
MLPT.JK,Multipolar Technology Tbk.
MMLP.JK,Mega Manunggal Property Tbk.
MNCN.JK,Media Nusantara Citra Tbk.
MPMX.JK,Mitra Pinasthika Mustika Tbk.
MPPA.JK,Matahari Putra Prima Tbk.
MRAT.JK,Mustika Ratu Tbk.
MREI.JK,Maskapai Reasuransi Indonesia 
MSKY.JK,MNC Sky Vision Tbk.
MTDL.JK,Metrodata Electronics Tbk.
MTFN.JK,Capitalinc Investment Tbk.
MTLA.JK,Metropolitan Land Tbk.
MTSM.JK,Metro Realty Tbk.
MYOH.JK,Samindo Resources Tbk.
MYOR.JK,Mayora Indah Tbk.
MYTX.JK,Asia Pacific Investama Tbk.
NELY.JK,Pelayaran Nelly Dwi Putri Tbk.
NIKL.JK,Pelat Timah Nusantara Tbk.
NIRO.JK,City Retail Developments Tbk.
NISP.JK,Bank OCBC NISP Tbk.
NOBU.JK,Bank Nationalnobu Tbk.
NRCA.JK,Nusa Raya Cipta Tbk.
OCAP.JK,Onix Capital Tbk.
OKAS.JK,Ancora Indonesia Resources Tbk
OMRE.JK,Indonesia Prima Property Tbk
PADI.JK,Minna Padi Investama Sekuritas
PALM.JK,Provident Investasi Bersama Tb
PANR.JK,Panorama Sentrawisata Tbk.
PANS.JK,Panin Sekuritas Tbk.
PBRX.JK,Pan Brothers Tbk.
PDES.JK,Destinasi Tirta Nusantara Tbk
PEGE.JK,Panca Global Kapital Tbk.
PGAS.JK,Perusahaan Gas Negara (Persero
PGLI.JK,Pembangunan Graha Lestari Inda
PICO.JK,Pelangi Indah Canindo Tbk
PJAA.JK,Pembangunan Jaya Ancol Tbk.
PKPK.JK,Paragon Karya Perkasa Tbk.
PLAS.JK,Polaris Investama Tbk
PLIN.JK,Plaza Indonesia Realty Tbk.
PNBN.JK,Bank Pan Indonesia Tbk
PNBS.JK,Bank Panin Dubai Syariah Tbk.
PNIN.JK,Paninvest Tbk.
PNLF.JK,Panin Financial Tbk.
PSAB.JK,J Resources Asia Pasifik Tbk.
PSDN.JK,Prasidha Aneka Niaga Tbk
PSKT.JK,Red Planet Indonesia Tbk.
PTBA.JK,Bukit Asam Tbk.
PTIS.JK,Indo Straits Tbk.
PTPP.JK,PP (Persero) Tbk.
PTRO.JK,Petrosea Tbk.
PTSN.JK,Sat Nusapersada Tbk
PTSP.JK,Pioneerindo Gourmet Internatio
PUDP.JK,Pudjiadi Prestige Tbk.
PWON.JK,Pakuwon Jati Tbk.
PYFA.JK,Pyridam Farma Tbk
RAJA.JK,Rukun Raharja Tbk.
RALS.JK,Ramayana Lestari Sentosa Tbk.
RANC.JK,Supra Boga Lestari Tbk.
RBMS.JK,Ristia Bintang Mahkotasejati T
RDTX.JK,Roda Vivatex Tbk
RELI.JK,Reliance Sekuritas Indonesia T
RICY.JK,Ricky Putra Globalindo Tbk
RIGS.JK,Rig Tenders Indonesia Tbk.
RIMO.JK,Rimo International Lestari Tbk
RODA.JK,Pikko Land Development Tbk.
ROTI.JK,Nippon Indosari Corpindo Tbk.
RUIS.JK,Radiant Utama Interinsco Tbk.
SAFE.JK,Steady Safe Tbk
SAME.JK,Sarana Meditama Metropolitan T
SCCO.JK,Supreme Cable Manufacturing & 
SCMA.JK,Surya Citra Media Tbk.
SCPI.JK,Organon Pharma Indonesia Tbk.
SDMU.JK,Sidomulyo Selaras Tbk.
SDPC.JK,Millennium Pharmacon Internati
SDRA.JK,Bank Woori Saudara Indonesia 1
SGRO.JK,Prime Agri Resources Tbk.
SHID.JK,Hotel Sahid Jaya International
SIDO.JK,Industri Jamu dan Farmasi Sido
SILO.JK,Siloam International Hospitals
SIMA.JK,Siwani Makmur Tbk
SIMP.JK,Salim Ivomas Pratama Tbk.
SIPD.JK,Sreeya Sewu Indonesia Tbk.
SKBM.JK,Sekar Bumi Tbk.
SKLT.JK,Sekar Laut Tbk.
SKYB.JK,Northcliff Citranusa Indonesia
SMAR.JK,Sinar Mas Agro Resources and T
SMBR.JK,Semen Baturaja (Persero) Tbk.
SMCB.JK,Solusi Bangun Indonesia Tbk.
SMDM.JK,Suryamas Dutamakmur Tbk.
SMDR.JK,Samudera Indonesia  Tbk.
SMGR.JK,Semen Indonesia (Persero) Tbk.
SMMA.JK,Sinarmas Multiartha Tbk.
SMMT.JK,Golden Eagle Energy Tbk.
SMRA.JK,Summarecon Agung Tbk.
SMRU.JK,SMR Utama Tbk.
SMSM.JK,Selamat Sempurna Tbk.
SOCI.JK,Soechi Lines Tbk.
SONA.JK,Sona Topas Tourism Industry Tb
SPMA.JK,Suparma Tbk.
SQMI.JK,Wilton Makmur Indonesia Tbk.
SRAJ.JK,Sejahteraraya Anugrahjaya Tbk.
SRIL.JK,Sri Rejeki Isman Tbk.
SRSN.JK,Indo Acidatama Tbk
SRTG.JK,Saratoga Investama Sedaya Tbk.
SSIA.JK,Surya Semesta Internusa Tbk.
SSMS.JK,Sawit Sumbermas Sarana Tbk.
SSTM.JK,Sunson Textile Manufacture Tbk
STAR.JK,Buana Artha Anugerah Tbk.
STTP.JK,Siantar Top Tbk.
SUGI.JK,Sugih Energy Tbk.
SULI.JK,SLJ Global Tbk.
SUPR.JK,Solusi Tunas Pratama Tbk.
TALF.JK,Tunas Alfin Tbk.
TARA.JK,Agung Semesta Sejahtera Tbk.
TAXI.JK,Express Transindo Utama Tbk.
TBIG.JK,Tower Bersama Infrastructure T
TBLA.JK,Tunas Baru Lampung Tbk.
TBMS.JK,Tembaga Mulia Semanan Tbk.
TCID.JK,Mandom Indonesia Tbk.
TELE.JK,Omni Inovasi Indonesia Tbk.
TFCO.JK,Tifico Fiber Indonesia Tbk.
TGKA.JK,Tigaraksa Satria Tbk.
TIFA.JK,KDB Tifa Finance Tbk.
TINS.JK,Timah Tbk.
TIRA.JK,Tira Austenite Tbk
TIRT.JK,Tirta Mahakam Resources Tbk
TKIM.JK,Pabrik Kertas Tjiwi Kimia Tbk.
TLKM.JK,Telkom Indonesia (Persero) Tbk
TMAS.JK,Temas Tbk.
TMPO.JK,Tempo Intimedia Tbk.
TOBA.JK,TBS Energi Utama Tbk.
TOTL.JK,Total Bangun Persada Tbk.
TOTO.JK,Surya Toto Indonesia Tbk.
TOWR.JK,Sarana Menara Nusantara Tbk.
TPIA.JK,Chandra Asri Pacific Tbk.
TPMA.JK,Trans Power Marine Tbk.
TRAM.JK,Trada Alam Minera Tbk.
TRIL.JK,Triwira Insanlestari Tbk.
TRIM.JK,Trimegah Sekuritas Indonesia T
TRIO.JK,Trikomsel Oke Tbk.
TRIS.JK,Trisula International Tbk.
TRST.JK,Trias Sentosa Tbk.
TRUS.JK,Trust Finance Indonesia Tbk
TSPC.JK,Tempo Scan Pacific Tbk.
ULTJ.JK,Ultrajaya Milk Industry & Trad
UNIC.JK,Unggul Indah Cahaya Tbk.
UNIT.JK,Nusantara Inti Corpora Tbk
UNSP.JK,Bakrie Sumatera Plantations Tb
UNTR.JK,United Tractors Tbk.
UNVR.JK,Unilever Indonesia Tbk.
VICO.JK,Victoria Investama Tbk.
VINS.JK,Victoria Insurance Tbk.
VIVA.JK,Visi Media Asia Tbk.
VOKS.JK,Voksel Electric Tbk.
VRNA.JK,Mizuho Leasing Indonesia Tbk.
WAPO.JK,Wahana Pronatural Tbk.
WEHA.JK,WEHA Transportasi Indonesia Tb
WICO.JK,Wicaksana Overseas Internation
WIIM.JK,Wismilak Inti Makmur Tbk.
WIKA.JK,Wijaya Karya (Persero) Tbk.
WINS.JK,Wintermar Offshore Marine Tbk.
WOMF.JK,Wahana Ottomitra Multiartha Tb
WSKT.JK,Waskita Karya (Persero) Tbk.
WTON.JK,Wijaya Karya Beton Tbk.
YPAS.JK,Yanaprima Hastapersada Tbk
YULE.JK,Yulie Sekuritas Indonesia Tbk.
ZBRA.JK,Dosni Roha Indonesia Tbk.
SHIP.JK,Sillo Maritime Perdana Tbk.
CASA.JK,Capital Financial Indonesia Tb
DAYA.JK,Duta Intidaya Tbk.
DPUM.JK,Dua Putra Utama Makmur Tbk.
IDPR.JK,Indonesia Pondasi Raya Tbk.
JGLE.JK,Graha Andrasentra Propertindo 
KINO.JK,Kino Indonesia Tbk.
MARI.JK,Mahaka Radio Integra Tbk.
MKNT.JK,Mitra Komunikasi Nusantara Tbk
MTRA.JK,Mitra Pemuda Tbk.
OASA.JK,Maharaksa Biru Energi Tbk.
POWR.JK,Cikarang Listrindo Tbk.
INCF.JK,Indo Komoditi Korpora Tbk.
WSBP.JK,Waskita Beton Precast Tbk.
PBSA.JK,Paramita Bangun Sarana Tbk.
PRDA.JK,Prodia Widyahusada Tbk.
BOGA.JK,Bintang Oto Global Tbk.
BRIS.JK,Bank Syariah Indonesia Tbk.
PORT.JK,Nusantara Pelabuhan Handal Tbk
CARS.JK,Industri dan Perdagangan Bintr
MINA.JK,Sanurhasta Mitra Tbk.
CLEO.JK,Sariguna Primatirta Tbk.
TAMU.JK,Pelayaran Tamarin Samudra Tbk.
CSIS.JK,Cahayasakti Investindo Sukses 
TGRA.JK,Terregra Asia Energy Tbk.
FIRE.JK,Alfa Energi Investama Tbk.
TOPS.JK,Totalindo Eka Persada Tbk.
KMTR.JK,Kirana Megatara Tbk.
ARMY.JK,Armidian Karyatama Tbk.
MAPB.JK,MAP Boga Adiperkasa Tbk.
WOOD.JK,Integra Indocabinet Tbk.
HRTA.JK,Hartadinata Abadi Tbk.
MABA.JK,Marga Abhinaya Abadi Tbk.
HOKI.JK,Buyung Poetra Sembada Tbk.
MPOW.JK,Megapower Makmur Tbk.
MARK.JK,Mark Dynamics Indonesia Tbk.
NASA.JK,Andalan Perkasa Abadi Tbk.
MDKI.JK,Emdeki Utama Tbk.
BELL.JK,Trisula Textile Industries Tbk
KIOS.JK,Kioson Komersial Indonesia Tbk
GMFI.JK,Garuda Maintenance Facility Ae
MTWI.JK,Malacca Trust Wuwungan Insuran
ZINC.JK,Kapuas Prima Coal Tbk.
MCAS.JK,M Cash Integrasi Tbk.
PPRE.JK,PP Presisi Tbk.
WEGE.JK,Wijaya Karya Bangunan Gedung T
PSSI.JK,IMC Pelita Logistik Tbk.
MORA.JK,Mora Telematika Indonesia Tbk.
DWGL.JK,Dwi Guna Laksana Tbk.
PBID.JK,Panca Budi Idaman Tbk.
JMAS.JK,Asuransi Jiwa Syariah Jasa Mit
CAMP.JK,Campina Ice Cream Industry Tbk
IPCM.JK,Jasa Armada Indonesia Tbk.
PCAR.JK,Prima Cakrawala Abadi Tbk.
LCKM.JK,LCK Global Kedaton Tbk.
BOSS.JK,Borneo Olah Sarana Sukses Tbk.
HELI.JK,Jaya Trishindo Tbk.
JSKY.JK,Sky Energy Indonesia Tbk.
INPS.JK,Indah Prakasa Sentosa Tbk.
GHON.JK,Gihon Telekomunikasi Indonesia
TDPM.JK,Tianrong Chemicals Industry Tb
DFAM.JK,Dafam Property Indonesia Tbk.
NICK.JK,Charnic Capital Tbk.
BTPS.JK,Bank BTPN Syariah Tbk.
SPTO.JK,Surya Pertiwi Tbk.
PRIM.JK,Royal Prima Tbk.
HEAL.JK,Medikaloka Hermina Tbk.
TRUK.JK,Guna Timur Raya Tbk.
PZZA.JK,Sarimelati Kencana Tbk.
TUGU.JK,Asuransi Tugu Pratama Indonesi
MSIN.JK,MNC Digital Entertainment Tbk.
SWAT.JK,Sriwahana Adityakarta Tbk.
TNCA.JK,Trimuda Nuansa Citra Tbk.
MAPA.JK,Map Aktif Adiperkasa Tbk.
TCPI.JK,Transcoal Pacific Tbk.
IPCC.JK,Indonesia Kendaraan Terminal T
RISE.JK,Jaya Sukses Makmur Sentosa Tbk
BPTR.JK,Batavia Prosperindo Trans Tbk.
POLL.JK,Pollux Properties Indonesia Tb
NFCX.JK,NFC Indonesia Tbk.
MGRO.JK,Mahkota Group Tbk.
NUSA.JK,Sinergi Megah Internusa Tbk.
FILM.JK,MD Entertainment Tbk.
ANDI.JK,Andira Agro Tbk.
LAND.JK,Trimitra Propertindo Tbk.
MOLI.JK,Madusari Murni Indah Tbk.
PANI.JK,Pantai Indah Kapuk Dua Tbk.
DIGI.JK,Arkadia Digital Media Tbk.
CITY.JK,Natura City Developments Tbk.
SAPX.JK,Satria Antaran Prima Tbk.
SURE.JK,Super Energy Tbk.
HKMU.JK,HK Metals Utama Tbk.
MPRO.JK,Maha Properti Indonesia Tbk.
DUCK.JK,Jaya Bersama Indo Tbk.
GOOD.JK,Garudafood Putra Putri Jaya Tb
SKRN.JK,Superkrane Mitra Utama Tbk.
YELO.JK,Yelooo Integra Datanet Tbk.
CAKK.JK,Cahayaputra Asa Keramik Tbk.
SATU.JK,Kota Satu Properti Tbk.
SOSS.JK,Shield On Service Tbk.
DEAL.JK,Dewata Freightinternational Tb
POLA.JK,Pool Advista Finance Tbk.
DIVA.JK,Distribusi Voucher Nusantara T
LUCK.JK,Sentral Mitra Informatika Tbk.
URBN.JK,Urban Jakarta Propertindo Tbk.
SOTS.JK,Satria Mega Kencana Tbk.
ZONE.JK,Mega Perintis Tbk.
PEHA.JK,Phapros Tbk.
FOOD.JK,Sentra Food Indonesia Tbk.
BEEF.JK,Estika Tata Tiara Tbk.
POLI.JK,Pollux Hotels Group Tbk.
CLAY.JK,Citra Putra Realty Tbk.
NATO.JK,Surya Permata Andalan Tbk.
JAYA.JK,Armada Berjaya Trans Tbk.
COCO.JK,Wahana Interfood Nusantara Tbk
MTPS.JK,Meta Epsi Tbk.
CPRI.JK,Capri Nusa Satu Properti Tbk.
HRME.JK,Menteng Heritage Realty Tbk.
POSA.JK,Bliss Properti Indonesia Tbk.
JAST.JK,Jasnita Telekomindo Tbk.
FITT.JK,Hotel Fitra International Tbk.
BOLA.JK,Bali Bintang Sejahtera Tbk.
CCSI.JK,Communication Cable Systems In
SFAN.JK,Surya Fajar Capital Tbk.
POLU.JK,Golden Flower Tbk.
KJEN.JK,Krida Jaringan Nusantara Tbk.
KAYU.JK,Darmi Bersaudara Tbk.
ITIC.JK,Indonesian Tobacco Tbk.
PAMG.JK,Bima Sakti Pertiwi Tbk.
IPTV.JK,MNC Vision Networks Tbk.
BLUE.JK,Berkah Prima Perkasa Tbk.
ENVY.JK,Envy Technologies Indonesia Tb
EAST.JK,Eastparc Hotel Tbk.
LIFE.JK,MSIG Life Insurance Indonesia 
FUJI.JK,Fuji Finance Indonesia Tbk.
KOTA.JK,DMS Propertindo Tbk.
INOV.JK,Inocycle Technology Group Tbk.
ARKA.JK,Arkha Jayanti Persada Tbk.
SMKL.JK,Satyamitra Kemas Lestari Tbk.
HDIT.JK,Hensel Davest Indonesia Tbk.
KEEN.JK,Kencana Energi Lestari Tbk.
BAPI.JK,Bhakti Agung Propertindo Tbk.
TFAS.JK,Telefast Indonesia Tbk.
GGRP.JK,Gunung Raja Paksi Tbk.
OPMS.JK,Optima Prima Metal Sinergi Tbk
NZIA.JK,Nusantara Almazia Tbk.
SLIS.JK,Gaya Abadi Sempurna Tbk.
PURE.JK,Trinitan Metals and Minerals T
IRRA.JK,Itama Ranoraya Tbk.
DMMX.JK,Digital Mediatama Maxima Tbk.
SINI.JK,Singaraja Putra Tbk.
WOWS.JK,Ginting Jaya Energi Tbk.
ESIP.JK,Sinergi Inti Plastindo Tbk.
TEBE.JK,Dana Brata Luhur Tbk.
KEJU.JK,Mulia Boga Raya Tbk.
PSGO.JK,Palma Serasih Tbk.
AGAR.JK,Asia Sejahtera Mina Tbk.
IFSH.JK,Ifishdeco Tbk.
REAL.JK,Repower Asia Indonesia Tbk.
IFII.JK,Indonesia Fibreboard Industry 
PMJS.JK,Putra Mandiri Jembar Tbk.
UCID.JK,Uni-Charm Indonesia Tbk.
GLVA.JK,Galva Technologies Tbk.
PGJO.JK,Bahtera Bumi Raya Tbk.
AMAR.JK,Bank Amar Indonesia Tbk.
CSRA.JK,Cisadane Sawit Raya Tbk.
INDO.JK,Royalindo Investa Wijaya Tbk.
AMOR.JK,Ashmore Asset Management Indon
TRIN.JK,Perintis Triniti Properti Tbk.
DMND.JK,Diamond Food Indonesia Tbk.
PURA.JK,Putra Rajawali Kencana Tbk.
PTPW.JK,Pratama Widya Tbk.
TAMA.JK,Lancartama Sejati Tbk.
IKAN.JK,Era Mandiri Cemerlang Tbk.
SAMF.JK,Saraswanti Anugerah Makmur Tbk
SBAT.JK,Sejahtera Bintang Abadi Textil
KBAG.JK,Karya Bersama Anugerah Tbk.
CBMF.JK,Cahaya Bintang Medan Tbk.
RONY.JK,Aracord Nusantara Group Tbk.
CSMI.JK,Cipta Selera Murni Tbk.
BBSS.JK,Bumi Benowo Sukses Sejahtera T
BHAT.JK,Bhakti Multi Artha Tbk.
CASH.JK,Cashlez Worldwide Indonesia Tb
TECH.JK,Indosterling Technomedia Tbk.
EPAC.JK,Megalestari Epack Sentosaraya 
UANG.JK,Pakuan Tbk.
PGUN.JK,Pradiksi Gunatama Tbk.
SOFA.JK,Solusi Environment Asia Tbk.
PPGL.JK,Prima Globalindo Logistik Tbk.
TOYS.JK,Sunindo Adipersada Tbk.
SGER.JK,Sumber Global Energy Tbk.
TRJA.JK,Transkon Jaya Tbk.
PNGO.JK,Pinago Utama Tbk.
SCNP.JK,Selaras Citra Nusantara Perkas
BBSI.JK,Krom Bank Indonesia Tbk.
KMDS.JK,Kurniamitra Duta Sentosa Tbk.
PURI.JK,Puri Global Sukses Tbk.
SOHO.JK,Soho Global Health Tbk.
HOMI.JK,Grand House Mulia Tbk.
ROCK.JK,Rockfields Properti Indonesia 
ENZO.JK,Morenzo Abadi Perkasa Tbk.
PLAN.JK,Planet Properindo Jaya Tbk.
PTDU.JK,Djasa Ubersakti Tbk.
ATAP.JK,Trimitra Prawara Goldland Tbk.
VICI.JK,Victoria Care Indonesia Tbk.
PMMP.JK,Panca Mitra Multiperdana Tbk.
BANK.JK,Bank Aladin Syariah Tbk.
WMUU.JK,Widodo Makmur Unggas Tbk.
EDGE.JK,Indointernet Tbk.
UNIQ.JK,Ulima Nitra Tbk.
BEBS.JK,Berkah Beton Sadaya Tbk.
SNLK.JK,Sunter Lakeside Hotel Tbk.
ZYRX.JK,Zyrexindo Mandiri Buana Tbk.
LFLO.JK,Imago Mulia Persada Tbk.
FIMP.JK,Fimperkasa Utama Tbk.
TAPG.JK,Triputra Agro Persada Tbk.
NPGF.JK,Nusa Palapa Gemilang Tbk.
LUCY.JK,Lima Dua Lima Tiga Tbk.
ADCP.JK,Adhi Commuter Properti Tbk.
HOPE.JK,Harapan Duta Pertiwi Tbk.
MGLV.JK,Panca Anugrah Wisesa Tbk.
TRUE.JK,Triniti Dinamik Tbk.
LABA.JK,Green Power Group Tbk.
ARCI.JK,Archi Indonesia Tbk.
IPAC.JK,Era Graharealty Tbk.
MASB.JK,Bank Multiarta Sentosa Tbk.
BMHS.JK,Bundamedik Tbk.
FLMC.JK,Falmaco Nonwoven Industri Tbk.
NICL.JK,PAM Mineral Tbk.
UVCR.JK,Trimegah Karya Pratama Tbk.
BUKA.JK,Bukalapak.com Tbk.
HAIS.JK,Hasnur Internasional Shipping 
OILS.JK,Indo Oil Perkasa Tbk.
GPSO.JK,Geoprima Solusi Tbk.
MCOL.JK,Prima Andalan Mandiri Tbk.
RSGK.JK,Kedoya Adyaraya Tbk.
RUNS.JK,Global Sukses Solusi Tbk.
SBMA.JK,Surya Biru Murni Acetylene Tbk
CMNT.JK,Cemindo Gemilang Tbk.
GTSI.JK,GTS Internasional Tbk.
IDEA.JK,Idea Indonesia Akademi Tbk.
KUAS.JK,Ace Oldfields Tbk.
BOBA.JK,Formosa Ingredient Factory Tbk
MTEL.JK,Dayamitra Telekomunikasi Tbk.
DEPO.JK,Caturkarda Depo Bangunan Tbk.
BINO.JK,Perma Plasindo Tbk.
CMRY.JK,Cisarua Mountain Dairy Tbk.
WGSH.JK,Wira Global Solusi Tbk.
TAYS.JK,Jaya Swarasa Agung Tbk.
WMPP.JK,Widodo Makmur Perkasa Tbk.
RMKE.JK,RMK Energy Tbk.
OBMD.JK,OBM Drilchem Tbk.
AVIA.JK,Avia Avian Tbk.
IPPE.JK,Indo Pureco Pratama Tbk.
NASI.JK,Wahana Inti Makmur Tbk.
BSML.JK,Bintang Samudera Mandiri Lines
DRMA.JK,Dharma Polimetal Tbk.
ADMR.JK,Alamtri Minerals Indonesia Tbk
SEMA.JK,Semacom Integrated Tbk.
ASLC.JK,Autopedia Sukses Lestari Tbk.
NETV.JK,MDTV Media Technologies Tbk.
BAUT.JK,Mitra Angkasa Sejahtera Tbk.
ENAK.JK,Champ Resto Indonesia Tbk.
NTBK.JK,Nusatama Berkah Tbk.
SMKM.JK,Sumber Mas Konstruksi Tbk.
STAA.JK,Sumber Tani Agung Resources Tb
NANO.JK,Nanotech Indonesia Global Tbk.
BIKE.JK,Sepeda Bersama Indonesia Tbk.
WIRG.JK,WIR ASIA Tbk.
SICO.JK,Sigma Energy Compressindo Tbk.
GOTO.JK,GoTo Gojek Tokopedia Tbk.
TLDN.JK,Teladan Prima Agro Tbk.
MTMH.JK,Murni Sadar Tbk.
WINR.JK,Winner Nusantara Jaya Tbk.
IBOS.JK,Indo Boga Sukses Tbk.
OLIV.JK,Oscar Mitra Sukses Sejahtera T
ASHA.JK,Cilacap Samudera Fishing Indus
SWID.JK,Saraswanti Indoland Developmen
TRGU.JK,Cerestar Indonesia Tbk.
ARKO.JK,Arkora Hydro Tbk.
CHEM.JK,Chemstar Indonesia Tbk.
DEWI.JK,Dewi Shri Farmindo Tbk.
AXIO.JK,Tera Data Indonusa Tbk.
KRYA.JK,Bangun Karya Perkasa Jaya Tbk.
HATM.JK,Habco Trans Maritima Tbk.
RCCC.JK,Utama Radar Cahaya Tbk.
GULA.JK,Aman Agrindo Tbk.
JARR.JK,Jhonlin Agro Raya Tbk.
AMMS.JK,Agung Menjangan Mas Tbk.
RAFI.JK,Sari Kreasi Boga Tbk.
KKES.JK,Kusuma Kemindo Sentosa Tbk.
ELPI.JK,Pelayaran Nasional Ekalya Purn
EURO.JK,Estee Gold Feet Tbk.
KLIN.JK,Klinko Karya Imaji Tbk.
TOOL.JK,Rohartindo Nusantara Luas Tbk.
BUAH.JK,Segar Kumala Indonesia Tbk.
CRAB.JK,Toba Surimi Industries Tbk.
MEDS.JK,Hetzer Medical Indonesia Tbk.
COAL.JK,Black Diamond Resources Tbk.
PRAY.JK,Famon Awal Bros Sedaya Tbk.
CBUT.JK,Citra Borneo Utama Tbk.
BELI.JK,Global Digital Niaga Tbk.
MKTR.JK,Menthobi Karyatama Raya Tbk.
OMED.JK,Jayamas Medica Industri Tbk.
BSBK.JK,Wulandari Bangun Laksana Tbk.
PDPP.JK,Primadaya Plastisindo Tbk.
KDTN.JK,Puri Sentul Permai Tbk.
ZATA.JK,Bersama Zatta Jaya Tbk.
NINE.JK,Techno9 Indonesia Tbk.
MMIX.JK,Multi Medika Internasional Tbk
PADA.JK,Personel Alih Daya Tbk.
ISAP.JK,Isra Presisi Indonesia Tbk.
VTNY.JK,Venteny Fortuna International 
SOUL.JK,Mitra Tirta Buwana Tbk.
ELIT.JK,Data Sinergitama Jaya Tbk.
BEER.JK,Jobubu Jarum Minahasa Tbk.
CBPE.JK,Citra Buana Prasida Tbk.
SUNI.JK,Sunindo Pratama Tbk.
CBRE.JK,Cakra Buana Resources Energi T
WINE.JK,Hatten Bali Tbk.
BMBL.JK,Lavender Bina Cendikia Tbk.
PEVE.JK,Penta Valent Tbk.
LAJU.JK,Jasa Berdikari Logistics Tbk.
FWCT.JK,Wijaya Cahaya Timber Tbk.
NAYZ.JK,Hassana Boga Sejahtera Tbk.
IRSX.JK,Folago Global Nusantara Tbk.
PACK.JK,Abadi Nusantara Hijau Investam
VAST.JK,Vastland Indonesia Tbk.
CHIP.JK,Pelita Teknologi Global Tbk.
HALO.JK,Haloni Jane Tbk.
KING.JK,Hoffmen Cleanindo Tbk.
PGEO.JK,Pertamina Geothermal Energy Tb
FUTR.JK,Futura Energi Global Tbk.
HILL.JK,Hillcon Tbk.
BDKR.JK,Berdikari Pondasi Perkasa Tbk.
PTMP.JK,Mitra Pack Tbk.
SAGE.JK,Saptausaha Gemilangindah Tbk.
TRON.JK,Teknologi Karya Digital Nusa T
CUAN.JK,Petrindo Jaya Kreasi Tbk.
NSSS.JK,Nusantara Sawit Sejahtera Tbk.
GTRA.JK,Grahaprima Suksesmandiri Tbk.
HAJJ.JK,Arsy Buana Travelindo Tbk.
JATI.JK,Informasi Teknologi Indonesia 
TYRE.JK,King Tire Indonesia Tbk.
MPXL.JK,MPX Logistics International Tb
SMIL.JK,Sarana Mitra Luas Tbk.
KLAS.JK,Pelayaran Kurnia Lautan Semest
MAXI.JK,Maxindo Karya Anugerah Tbk.
VKTR.JK,VKTR Teknologi Mobilitas Tbk.
RELF.JK,Graha Mitra Asia Tbk.
AMMN.JK,Amman Mineral Internasional Tb
CRSN.JK,Carsurin Tbk.
GRPM.JK,Graha Prima Mentari Tbk.
WIDI.JK,Widiant Jaya Krenindo Tbk.
TGUK.JK,Platinum Wahab Nusantara Tbk.
INET.JK,Sinergi Inti Andalan Prima Tbk
MAHA.JK,Mandiri Herindo Adiperkasa Tbk
RMKO.JK,Royaltama Mulia Kontraktorindo
CNMA.JK,Nusantara Sejahtera Raya Tbk.
FOLK.JK,Multi Garam Utama Tbk.
HBAT.JK,Minahasa Membangun Hebat Tbk.
GRIA.JK,Ingria Pratama Capitalindo Tbk
PPRI.JK,Paperocks Indonesia Tbk.
ERAL.JK,Sinar Eka Selaras Tbk.
CYBR.JK,ITSEC Asia Tbk.
MUTU.JK,Mutuagung Lestari Tbk.
LMAX.JK,Lupromax Pelumas Indonesia Tbk
HUMI.JK,Humpuss Maritim Internasional 
MSIE.JK,Multisarana Intan Eduka Tbk.
RSCH.JK,Charlie Hospital Semarang Tbk.
BABY.JK,Multitrend Indo Tbk.
AEGS.JK,Anugerah Spareparts Sejahtera 
IOTF.JK,Sumber Sinergi Makmur Tbk.
KOCI.JK,Kokoh Exa Nusantara Tbk.
PTPS.JK,Pulau Subur Tbk.
BREN.JK,Barito Renewables Energy Tbk.
STRK.JK,Lovina Beach Brewery Tbk.
KOKA.JK,Koka Indonesia Tbk.
LOPI.JK,Logisticsplus International Tb
UDNG.JK,Agro Bahari Nusantara Tbk.
RGAS.JK,Kian Santang Muliatama Tbk.
MSTI.JK,Mastersystem Infotama Tbk.
IKPM.JK,Ikapharmindo Putramas Tbk.
AYAM.JK,Janu Putra Sejahtera Tbk.
SURI.JK,Maja Agung Latexindo Tbk.
ASLI.JK,Asri Karya Lestari Tbk.
GRPH.JK,Griptha Putra Persada Tbk.
SMGA.JK,Sumber Mineral Global Abadi Tb
UNTD.JK,Terang Dunia Internusa Tbk.
TOSK.JK,Topindo Solusi Komunika Tbk.
MPIX.JK,Mitra Pedagang Indonesia Tbk.
ALII.JK,Ancara Logistics Indonesia Tbk
MKAP.JK,Multikarya Asia Pasifik Raya T
MEJA.JK,Harta Djaya Karya Tbk.
LIVE.JK,Homeco Victoria Makmur Tbk.
HYGN.JK,Ecocare Indo Pasifik Tbk.
BAIK.JK,Bersama Mencapai Puncak Tbk.
VISI.JK,Satu Visi Putra Tbk.
AREA.JK,Dunia Virtual Online Tbk.
MHKI.JK,Multi Hanna Kreasindo Tbk.
ATLA.JK,Atlantis Subsea Indonesia Tbk.
DATA.JK,Remala Abadi Tbk.
SOLA.JK,Xolare RCR Energy Tbk.
BATR.JK,Benteng Api Technic Tbk.
SPRE.JK,Soraya Berjaya Indonesia Tbk.
PART.JK,Cipta Perdana Lancar Tbk.
GOLF.JK,Intra Golflink Resorts Tbk.
ISEA.JK,Indo American Seafoods Tbk.
BLES.JK,Superior Prima Sukses Tbk.
GUNA.JK,Gunanusa Eramandiri Tbk.
LABS.JK,UBC Medical Indonesia Tbk.
DOSS.JK,Global Sukses Digital Tbk.
NEST.JK,Esta Indonesia Tbk.
PTMR.JK,Master Print Tbk.
VERN.JK,Verona Indah Pictures Tbk.
DAAZ.JK,Daaz Bara Lestari Tbk.
BOAT.JK,Newport Marine Services Tbk.
NAIK.JK,Adiwarna Anugerah Abadi Tbk.
AADI.JK,Adaro Andalan Indonesia Tbk.
MDIY.JK,Daya Intiguna Yasa Tbk.
KSIX.JK,Kentanix Supra International T
RATU.JK,Raharja Energi Cepu Tbk.
YOII.JK,Asuransi Digital Bersama Tbk.
HGII.JK,Hero Global Investment Tbk.
BRRC.JK,Raja Roti Cemerlang Tbk.
DGWG.JK,Delta Giri Wacana Tbk.
CBDK.JK,Bangun Kosambi Sukses Tbk.
OBAT.JK,Brigit Biofarmaka Teknologi Tb
MINE.JK,Sinar Terang Mandiri Tbk.
ASPR.JK,Asia Pramulia Tbk.
PSAT.JK,Pancaran Samudera Transport Tb
COIN.JK,Indokripto Koin Semesta Tbk.
CDIA.JK,Chandra Daya Investasi Tbk.
BLOG.JK,Trimitra Trans Persada Tbk.
MERI.JK,Merry Riana Edukasi Tbk.
CHEK.JK,Diastika Biotekindo Tbk.
PMUI.JK,Prima Multi Usaha Indonesia Tb
EMAS.JK,Merdeka Gold Resources Tbk.
PJHB.JK,Pelayaran Jaya Hidup Baru Tbk.
RLCO.JK,Abadi Lestari Indonesia Tbk.
SUPA.JK,Super Bank Indonesia Tbk.
KAQI.JK,Jantra Grupo Indonesia Tbk.
YUPI.JK,Yupi Indo Jelly Gum Tbk.
FORE.JK,Fore Kopi Indonesia Tbk.
MDLA.JK,Medela Potentia Tbk.
DKHH.JK,Cipta Sarana Medika Tbk.
AYLS.JK,Agro Yasa Lestari Tbk.
DADA.JK,Diamond Citra Propertindo Tbk.
ASPI.JK,Andalan Sakti Primaindo Tbk.
ESTA.JK,Esta Multi Usaha Tbk.
BESS.JK,Batulicin Nusantara Maritim Tb
AMAN.JK,Makmur Berkah Amanda Tbk.
CARE.JK,Metro Healthcare Indonesia Tbk
PIPA.JK,Multi Makmur Lemindo Tbk.
NCKL.JK,Trimegah Bangun Persada Tbk.
MENN.JK,Menn Teknologi Indonesia Tbk.
AWAN.JK,Era Digital Media Tbk.
MBMA.JK,Merdeka Battery Materials Tbk.
RAAM.JK,Tripar Multivision Plus Tbk.
DOOH.JK,Era Media Sejahtera Tbk.
CGAS.JK,Citra Nusantara Gemilang Tbk.
NICE.JK,Adhi Kartiko Pratama Tbk.
MSJA.JK,Multi Spunindo Jaya Tbk.
SMLE.JK,Sinergi Multi Lestarindo Tbk.
ACRO.JK,Samcro Hyosung Adilestari Tbk.
MANG.JK,Manggung Polahraya Tbk.
WIFI.JK,Solusi Sinergi Digital Tbk.
FAPA.JK,FAP Agri Tbk.
DCII.JK,DCI Indonesia Tbk.
KETR.JK,Ketrosden Triasmitra Tbk.
DGNS.JK,Diagnos Laboratorium Utama Tbk
UFOE.JK,Damai Sejahtera Abadi Tbk.
ADMF.JK,Adira Dinamika Multi Finance T
ADMG.JK,Polychem Indonesia Tbk
ADRO.JK,Alamtri Resources Indonesia Tb
AGII.JK,Samator Indo Gas Tbk.
AGRO.JK,Bank Raya Indonesia Tbk.
AGRS.JK,Bank IBK Indonesia Tbk.
AHAP.JK,Asuransi Harta Aman Pratama Tb
AIMS.JK,Artha Mahiya Investama Tbk.
PNSE.JK,Pudjiadi & Sons Tbk.
POLY.JK,Asia Pacific Fibers Tbk
POOL.JK,Pool Advista Indonesia Tbk.
PPRO.JK,PP Properti Tbk.

